aaaa,bbbb,cccc,dddd,ffff
aaaa,bbbb,cccc,dddd,ffff
aaaa,bbbb,cccc,dddd,ffff
aaaa,bbbb,cccc,dddd,ffff
aaaa,bbbb,cccc,dddd,ffff
aaaa,bbbb,cccc,dddd,ffff
aaaa,bbbb,cccc,dddd,ffff
aaaa,bbbb,cccc,dddd,ffff
aaaa,bbbb,cccc,dddd,ffff
aaaa,bbbb,cccc,dddd,ffff
aaaa,bbbb,cccc,dddd,ffff
aaaa,bbbb,cccc,dddd,ffff
aaaa,bbbb,cccc,dddd,ffff
aaaa,bbbb,cccc,dddd,ffff
aaaa,bbbb,cccc,dddd,ffff
aaaa,bbbb,cccc,dddd,ffff
aaaa,bbbb,cccc,dddd,ffff
aaaa,bbbb,cccc,dddd,ffff
aaaa,bbbb,cccc,dddd,ffff
aaaa,bbbb,cccc,dddd,ffff
aaaa,bbbb,cccc,dddd,ffff
aaaa,bbbb,cccc,dddd,ffff
aaaa,bbbb,cccc,dddd,ffff
